"","Dia","Paradas","Volumen"
"1","1",665,398.948156749612
"2","2",487,223.933638701673
"3","3",791,406.757784467773
"4","4",680,390.764995023268
"5","5",702,506.781891458255
"6","6",652,330.619102195757
